pregid,postgid,frequency,dt,path
110782,110310,1.0,10.0,/gpfs/bbp.cscs.ch/project/proj32/glusynapse_20190926_release/testing/egger_1999/simulations/L4SS_L4SS/110782-110310/1Hz_10ms/simulation.batch
110843,110845,1.0,10.0,/gpfs/bbp.cscs.ch/project/proj32/glusynapse_20190926_release/testing/egger_1999/simulations/L4SS_L4SS/110843-110845/1Hz_10ms/simulation.batch
111617,110457,1.0,10.0,/gpfs/bbp.cscs.ch/project/proj32/glusynapse_20190926_release/testing/egger_1999/simulations/L4SS_L4SS/111617-110457/1Hz_10ms/simulation.batch
110699,110881,1.0,10.0,/gpfs/bbp.cscs.ch/project/proj32/glusynapse_20190926_release/testing/egger_1999/simulations/L4SS_L4SS/110699-110881/1Hz_10ms/simulation.batch
110696,110813,1.0,10.0,/gpfs/bbp.cscs.ch/project/proj32/glusynapse_20190926_release/testing/egger_1999/simulations/L4SS_L4SS/110696-110813/1Hz_10ms/simulation.batch
110575,110114,1.0,10.0,/gpfs/bbp.cscs.ch/project/proj32/glusynapse_20190926_release/testing/egger_1999/simulations/L4SS_L4SS/110575-110114/1Hz_10ms/simulation.batch
110170,111603,1.0,10.0,/gpfs/bbp.cscs.ch/project/proj32/glusynapse_20190926_release/testing/egger_1999/simulations/L4SS_L4SS/110170-111603/1Hz_10ms/simulation.batch
111251,110270,1.0,10.0,/gpfs/bbp.cscs.ch/project/proj32/glusynapse_20190926_release/testing/egger_1999/simulations/L4SS_L4SS/111251-110270/1Hz_10ms/simulation.batch
110939,111571,1.0,10.0,/gpfs/bbp.cscs.ch/project/proj32/glusynapse_20190926_release/testing/egger_1999/simulations/L4SS_L4SS/110939-111571/1Hz_10ms/simulation.batch
111401,109699,1.0,10.0,/gpfs/bbp.cscs.ch/project/proj32/glusynapse_20190926_release/testing/egger_1999/simulations/L4SS_L4SS/111401-109699/1Hz_10ms/simulation.batch
109741,109744,1.0,10.0,/gpfs/bbp.cscs.ch/project/proj32/glusynapse_20190926_release/testing/egger_1999/simulations/L4SS_L4SS/109741-109744/1Hz_10ms/simulation.batch
110892,110734,1.0,10.0,/gpfs/bbp.cscs.ch/project/proj32/glusynapse_20190926_release/testing/egger_1999/simulations/L4SS_L4SS/110892-110734/1Hz_10ms/simulation.batch
110463,110058,1.0,10.0,/gpfs/bbp.cscs.ch/project/proj32/glusynapse_20190926_release/testing/egger_1999/simulations/L4SS_L4SS/110463-110058/1Hz_10ms/simulation.batch
110863,110106,1.0,10.0,/gpfs/bbp.cscs.ch/project/proj32/glusynapse_20190926_release/testing/egger_1999/simulations/L4SS_L4SS/110863-110106/1Hz_10ms/simulation.batch
111579,109944,1.0,10.0,/gpfs/bbp.cscs.ch/project/proj32/glusynapse_20190926_release/testing/egger_1999/simulations/L4SS_L4SS/111579-109944/1Hz_10ms/simulation.batch
109941,109990,1.0,10.0,/gpfs/bbp.cscs.ch/project/proj32/glusynapse_20190926_release/testing/egger_1999/simulations/L4SS_L4SS/109941-109990/1Hz_10ms/simulation.batch
110151,110027,1.0,10.0,/gpfs/bbp.cscs.ch/project/proj32/glusynapse_20190926_release/testing/egger_1999/simulations/L4SS_L4SS/110151-110027/1Hz_10ms/simulation.batch
110545,111472,1.0,10.0,/gpfs/bbp.cscs.ch/project/proj32/glusynapse_20190926_release/testing/egger_1999/simulations/L4SS_L4SS/110545-111472/1Hz_10ms/simulation.batch
110742,109810,1.0,10.0,/gpfs/bbp.cscs.ch/project/proj32/glusynapse_20190926_release/testing/egger_1999/simulations/L4SS_L4SS/110742-109810/1Hz_10ms/simulation.batch
111459,110371,1.0,10.0,/gpfs/bbp.cscs.ch/project/proj32/glusynapse_20190926_release/testing/egger_1999/simulations/L4SS_L4SS/111459-110371/1Hz_10ms/simulation.batch
110588,110029,1.0,10.0,/gpfs/bbp.cscs.ch/project/proj32/glusynapse_20190926_release/testing/egger_1999/simulations/L4SS_L4SS/110588-110029/1Hz_10ms/simulation.batch
111326,110115,1.0,10.0,/gpfs/bbp.cscs.ch/project/proj32/glusynapse_20190926_release/testing/egger_1999/simulations/L4SS_L4SS/111326-110115/1Hz_10ms/simulation.batch
111437,110791,1.0,10.0,/gpfs/bbp.cscs.ch/project/proj32/glusynapse_20190926_release/testing/egger_1999/simulations/L4SS_L4SS/111437-110791/1Hz_10ms/simulation.batch
110380,110621,1.0,10.0,/gpfs/bbp.cscs.ch/project/proj32/glusynapse_20190926_release/testing/egger_1999/simulations/L4SS_L4SS/110380-110621/1Hz_10ms/simulation.batch
111321,110865,1.0,10.0,/gpfs/bbp.cscs.ch/project/proj32/glusynapse_20190926_release/testing/egger_1999/simulations/L4SS_L4SS/111321-110865/1Hz_10ms/simulation.batch
111377,110536,1.0,10.0,/gpfs/bbp.cscs.ch/project/proj32/glusynapse_20190926_release/testing/egger_1999/simulations/L4SS_L4SS/111377-110536/1Hz_10ms/simulation.batch
110291,111208,1.0,10.0,/gpfs/bbp.cscs.ch/project/proj32/glusynapse_20190926_release/testing/egger_1999/simulations/L4SS_L4SS/110291-111208/1Hz_10ms/simulation.batch
110189,110155,1.0,10.0,/gpfs/bbp.cscs.ch/project/proj32/glusynapse_20190926_release/testing/egger_1999/simulations/L4SS_L4SS/110189-110155/1Hz_10ms/simulation.batch
111418,111052,1.0,10.0,/gpfs/bbp.cscs.ch/project/proj32/glusynapse_20190926_release/testing/egger_1999/simulations/L4SS_L4SS/111418-111052/1Hz_10ms/simulation.batch
110689,111390,1.0,10.0,/gpfs/bbp.cscs.ch/project/proj32/glusynapse_20190926_release/testing/egger_1999/simulations/L4SS_L4SS/110689-111390/1Hz_10ms/simulation.batch
110838,111629,1.0,10.0,/gpfs/bbp.cscs.ch/project/proj32/glusynapse_20190926_release/testing/egger_1999/simulations/L4SS_L4SS/110838-111629/1Hz_10ms/simulation.batch
111229,111215,1.0,10.0,/gpfs/bbp.cscs.ch/project/proj32/glusynapse_20190926_release/testing/egger_1999/simulations/L4SS_L4SS/111229-111215/1Hz_10ms/simulation.batch
110988,110665,1.0,10.0,/gpfs/bbp.cscs.ch/project/proj32/glusynapse_20190926_release/testing/egger_1999/simulations/L4SS_L4SS/110988-110665/1Hz_10ms/simulation.batch
111186,111456,1.0,10.0,/gpfs/bbp.cscs.ch/project/proj32/glusynapse_20190926_release/testing/egger_1999/simulations/L4SS_L4SS/111186-111456/1Hz_10ms/simulation.batch
109737,111566,1.0,10.0,/gpfs/bbp.cscs.ch/project/proj32/glusynapse_20190926_release/testing/egger_1999/simulations/L4SS_L4SS/109737-111566/1Hz_10ms/simulation.batch
110818,110073,1.0,10.0,/gpfs/bbp.cscs.ch/project/proj32/glusynapse_20190926_release/testing/egger_1999/simulations/L4SS_L4SS/110818-110073/1Hz_10ms/simulation.batch
110857,111502,1.0,10.0,/gpfs/bbp.cscs.ch/project/proj32/glusynapse_20190926_release/testing/egger_1999/simulations/L4SS_L4SS/110857-111502/1Hz_10ms/simulation.batch
110927,109969,1.0,10.0,/gpfs/bbp.cscs.ch/project/proj32/glusynapse_20190926_release/testing/egger_1999/simulations/L4SS_L4SS/110927-109969/1Hz_10ms/simulation.batch
110354,110301,1.0,10.0,/gpfs/bbp.cscs.ch/project/proj32/glusynapse_20190926_release/testing/egger_1999/simulations/L4SS_L4SS/110354-110301/1Hz_10ms/simulation.batch
110114,110575,1.0,10.0,/gpfs/bbp.cscs.ch/project/proj32/glusynapse_20190926_release/testing/egger_1999/simulations/L4SS_L4SS/110114-110575/1Hz_10ms/simulation.batch
111225,110937,1.0,10.0,/gpfs/bbp.cscs.ch/project/proj32/glusynapse_20190926_release/testing/egger_1999/simulations/L4SS_L4SS/111225-110937/1Hz_10ms/simulation.batch
110011,111645,1.0,10.0,/gpfs/bbp.cscs.ch/project/proj32/glusynapse_20190926_release/testing/egger_1999/simulations/L4SS_L4SS/110011-111645/1Hz_10ms/simulation.batch
111318,110187,1.0,10.0,/gpfs/bbp.cscs.ch/project/proj32/glusynapse_20190926_release/testing/egger_1999/simulations/L4SS_L4SS/111318-110187/1Hz_10ms/simulation.batch
111251,110970,1.0,10.0,/gpfs/bbp.cscs.ch/project/proj32/glusynapse_20190926_release/testing/egger_1999/simulations/L4SS_L4SS/111251-110970/1Hz_10ms/simulation.batch
110202,111628,1.0,10.0,/gpfs/bbp.cscs.ch/project/proj32/glusynapse_20190926_release/testing/egger_1999/simulations/L4SS_L4SS/110202-111628/1Hz_10ms/simulation.batch
111283,110592,1.0,10.0,/gpfs/bbp.cscs.ch/project/proj32/glusynapse_20190926_release/testing/egger_1999/simulations/L4SS_L4SS/111283-110592/1Hz_10ms/simulation.batch
109974,110300,1.0,10.0,/gpfs/bbp.cscs.ch/project/proj32/glusynapse_20190926_release/testing/egger_1999/simulations/L4SS_L4SS/109974-110300/1Hz_10ms/simulation.batch
111706,110614,1.0,10.0,/gpfs/bbp.cscs.ch/project/proj32/glusynapse_20190926_release/testing/egger_1999/simulations/L4SS_L4SS/111706-110614/1Hz_10ms/simulation.batch
110625,111490,1.0,10.0,/gpfs/bbp.cscs.ch/project/proj32/glusynapse_20190926_release/testing/egger_1999/simulations/L4SS_L4SS/110625-111490/1Hz_10ms/simulation.batch
110879,111502,1.0,10.0,/gpfs/bbp.cscs.ch/project/proj32/glusynapse_20190926_release/testing/egger_1999/simulations/L4SS_L4SS/110879-111502/1Hz_10ms/simulation.batch
111617,110781,1.0,10.0,/gpfs/bbp.cscs.ch/project/proj32/glusynapse_20190926_release/testing/egger_1999/simulations/L4SS_L4SS/111617-110781/1Hz_10ms/simulation.batch
110303,110055,1.0,10.0,/gpfs/bbp.cscs.ch/project/proj32/glusynapse_20190926_release/testing/egger_1999/simulations/L4SS_L4SS/110303-110055/1Hz_10ms/simulation.batch
110161,110417,1.0,10.0,/gpfs/bbp.cscs.ch/project/proj32/glusynapse_20190926_release/testing/egger_1999/simulations/L4SS_L4SS/110161-110417/1Hz_10ms/simulation.batch
111215,109900,1.0,10.0,/gpfs/bbp.cscs.ch/project/proj32/glusynapse_20190926_release/testing/egger_1999/simulations/L4SS_L4SS/111215-109900/1Hz_10ms/simulation.batch
110281,110893,1.0,10.0,/gpfs/bbp.cscs.ch/project/proj32/glusynapse_20190926_release/testing/egger_1999/simulations/L4SS_L4SS/110281-110893/1Hz_10ms/simulation.batch
110592,111283,1.0,10.0,/gpfs/bbp.cscs.ch/project/proj32/glusynapse_20190926_release/testing/egger_1999/simulations/L4SS_L4SS/110592-111283/1Hz_10ms/simulation.batch
109840,111161,1.0,10.0,/gpfs/bbp.cscs.ch/project/proj32/glusynapse_20190926_release/testing/egger_1999/simulations/L4SS_L4SS/109840-111161/1Hz_10ms/simulation.batch
111689,109869,1.0,10.0,/gpfs/bbp.cscs.ch/project/proj32/glusynapse_20190926_release/testing/egger_1999/simulations/L4SS_L4SS/111689-109869/1Hz_10ms/simulation.batch
110043,111590,1.0,10.0,/gpfs/bbp.cscs.ch/project/proj32/glusynapse_20190926_release/testing/egger_1999/simulations/L4SS_L4SS/110043-111590/1Hz_10ms/simulation.batch
109963,110133,1.0,10.0,/gpfs/bbp.cscs.ch/project/proj32/glusynapse_20190926_release/testing/egger_1999/simulations/L4SS_L4SS/109963-110133/1Hz_10ms/simulation.batch
110951,111449,1.0,10.0,/gpfs/bbp.cscs.ch/project/proj32/glusynapse_20190926_release/testing/egger_1999/simulations/L4SS_L4SS/110951-111449/1Hz_10ms/simulation.batch
111634,109957,1.0,10.0,/gpfs/bbp.cscs.ch/project/proj32/glusynapse_20190926_release/testing/egger_1999/simulations/L4SS_L4SS/111634-109957/1Hz_10ms/simulation.batch
110293,110290,1.0,10.0,/gpfs/bbp.cscs.ch/project/proj32/glusynapse_20190926_release/testing/egger_1999/simulations/L4SS_L4SS/110293-110290/1Hz_10ms/simulation.batch
110665,111234,1.0,10.0,/gpfs/bbp.cscs.ch/project/proj32/glusynapse_20190926_release/testing/egger_1999/simulations/L4SS_L4SS/110665-111234/1Hz_10ms/simulation.batch
109698,109802,1.0,10.0,/gpfs/bbp.cscs.ch/project/proj32/glusynapse_20190926_release/testing/egger_1999/simulations/L4SS_L4SS/109698-109802/1Hz_10ms/simulation.batch
111556,110512,1.0,10.0,/gpfs/bbp.cscs.ch/project/proj32/glusynapse_20190926_release/testing/egger_1999/simulations/L4SS_L4SS/111556-110512/1Hz_10ms/simulation.batch
110296,110013,1.0,10.0,/gpfs/bbp.cscs.ch/project/proj32/glusynapse_20190926_release/testing/egger_1999/simulations/L4SS_L4SS/110296-110013/1Hz_10ms/simulation.batch
111236,110878,1.0,10.0,/gpfs/bbp.cscs.ch/project/proj32/glusynapse_20190926_release/testing/egger_1999/simulations/L4SS_L4SS/111236-110878/1Hz_10ms/simulation.batch
111509,111558,1.0,10.0,/gpfs/bbp.cscs.ch/project/proj32/glusynapse_20190926_release/testing/egger_1999/simulations/L4SS_L4SS/111509-111558/1Hz_10ms/simulation.batch
111454,110697,1.0,10.0,/gpfs/bbp.cscs.ch/project/proj32/glusynapse_20190926_release/testing/egger_1999/simulations/L4SS_L4SS/111454-110697/1Hz_10ms/simulation.batch
110279,110397,1.0,10.0,/gpfs/bbp.cscs.ch/project/proj32/glusynapse_20190926_release/testing/egger_1999/simulations/L4SS_L4SS/110279-110397/1Hz_10ms/simulation.batch
111050,110451,1.0,10.0,/gpfs/bbp.cscs.ch/project/proj32/glusynapse_20190926_release/testing/egger_1999/simulations/L4SS_L4SS/111050-110451/1Hz_10ms/simulation.batch
111665,110331,1.0,10.0,/gpfs/bbp.cscs.ch/project/proj32/glusynapse_20190926_release/testing/egger_1999/simulations/L4SS_L4SS/111665-110331/1Hz_10ms/simulation.batch
111257,110851,1.0,10.0,/gpfs/bbp.cscs.ch/project/proj32/glusynapse_20190926_release/testing/egger_1999/simulations/L4SS_L4SS/111257-110851/1Hz_10ms/simulation.batch
111202,111376,1.0,10.0,/gpfs/bbp.cscs.ch/project/proj32/glusynapse_20190926_release/testing/egger_1999/simulations/L4SS_L4SS/111202-111376/1Hz_10ms/simulation.batch
110760,110228,1.0,10.0,/gpfs/bbp.cscs.ch/project/proj32/glusynapse_20190926_release/testing/egger_1999/simulations/L4SS_L4SS/110760-110228/1Hz_10ms/simulation.batch
111681,109779,1.0,10.0,/gpfs/bbp.cscs.ch/project/proj32/glusynapse_20190926_release/testing/egger_1999/simulations/L4SS_L4SS/111681-109779/1Hz_10ms/simulation.batch
109727,111121,1.0,10.0,/gpfs/bbp.cscs.ch/project/proj32/glusynapse_20190926_release/testing/egger_1999/simulations/L4SS_L4SS/109727-111121/1Hz_10ms/simulation.batch
110463,109665,1.0,10.0,/gpfs/bbp.cscs.ch/project/proj32/glusynapse_20190926_release/testing/egger_1999/simulations/L4SS_L4SS/110463-109665/1Hz_10ms/simulation.batch
110569,110672,1.0,10.0,/gpfs/bbp.cscs.ch/project/proj32/glusynapse_20190926_release/testing/egger_1999/simulations/L4SS_L4SS/110569-110672/1Hz_10ms/simulation.batch
110976,110203,1.0,10.0,/gpfs/bbp.cscs.ch/project/proj32/glusynapse_20190926_release/testing/egger_1999/simulations/L4SS_L4SS/110976-110203/1Hz_10ms/simulation.batch
111611,110226,1.0,10.0,/gpfs/bbp.cscs.ch/project/proj32/glusynapse_20190926_release/testing/egger_1999/simulations/L4SS_L4SS/111611-110226/1Hz_10ms/simulation.batch
110531,110352,1.0,10.0,/gpfs/bbp.cscs.ch/project/proj32/glusynapse_20190926_release/testing/egger_1999/simulations/L4SS_L4SS/110531-110352/1Hz_10ms/simulation.batch
110350,110345,1.0,10.0,/gpfs/bbp.cscs.ch/project/proj32/glusynapse_20190926_release/testing/egger_1999/simulations/L4SS_L4SS/110350-110345/1Hz_10ms/simulation.batch
111135,110712,1.0,10.0,/gpfs/bbp.cscs.ch/project/proj32/glusynapse_20190926_release/testing/egger_1999/simulations/L4SS_L4SS/111135-110712/1Hz_10ms/simulation.batch
110512,109650,1.0,10.0,/gpfs/bbp.cscs.ch/project/proj32/glusynapse_20190926_release/testing/egger_1999/simulations/L4SS_L4SS/110512-109650/1Hz_10ms/simulation.batch
111446,111651,1.0,10.0,/gpfs/bbp.cscs.ch/project/proj32/glusynapse_20190926_release/testing/egger_1999/simulations/L4SS_L4SS/111446-111651/1Hz_10ms/simulation.batch
110493,111444,1.0,10.0,/gpfs/bbp.cscs.ch/project/proj32/glusynapse_20190926_release/testing/egger_1999/simulations/L4SS_L4SS/110493-111444/1Hz_10ms/simulation.batch
110432,110742,1.0,10.0,/gpfs/bbp.cscs.ch/project/proj32/glusynapse_20190926_release/testing/egger_1999/simulations/L4SS_L4SS/110432-110742/1Hz_10ms/simulation.batch
110465,109880,1.0,10.0,/gpfs/bbp.cscs.ch/project/proj32/glusynapse_20190926_release/testing/egger_1999/simulations/L4SS_L4SS/110465-109880/1Hz_10ms/simulation.batch
109702,109678,1.0,10.0,/gpfs/bbp.cscs.ch/project/proj32/glusynapse_20190926_release/testing/egger_1999/simulations/L4SS_L4SS/109702-109678/1Hz_10ms/simulation.batch
110555,110934,1.0,10.0,/gpfs/bbp.cscs.ch/project/proj32/glusynapse_20190926_release/testing/egger_1999/simulations/L4SS_L4SS/110555-110934/1Hz_10ms/simulation.batch
110398,111057,1.0,10.0,/gpfs/bbp.cscs.ch/project/proj32/glusynapse_20190926_release/testing/egger_1999/simulations/L4SS_L4SS/110398-111057/1Hz_10ms/simulation.batch
111665,110202,1.0,10.0,/gpfs/bbp.cscs.ch/project/proj32/glusynapse_20190926_release/testing/egger_1999/simulations/L4SS_L4SS/111665-110202/1Hz_10ms/simulation.batch
110071,109733,1.0,10.0,/gpfs/bbp.cscs.ch/project/proj32/glusynapse_20190926_release/testing/egger_1999/simulations/L4SS_L4SS/110071-109733/1Hz_10ms/simulation.batch
111560,109921,1.0,10.0,/gpfs/bbp.cscs.ch/project/proj32/glusynapse_20190926_release/testing/egger_1999/simulations/L4SS_L4SS/111560-109921/1Hz_10ms/simulation.batch
109711,109700,1.0,10.0,/gpfs/bbp.cscs.ch/project/proj32/glusynapse_20190926_release/testing/egger_1999/simulations/L4SS_L4SS/109711-109700/1Hz_10ms/simulation.batch
110466,110614,1.0,10.0,/gpfs/bbp.cscs.ch/project/proj32/glusynapse_20190926_release/testing/egger_1999/simulations/L4SS_L4SS/110466-110614/1Hz_10ms/simulation.batch
110842,110899,1.0,10.0,/gpfs/bbp.cscs.ch/project/proj32/glusynapse_20190926_release/testing/egger_1999/simulations/L4SS_L4SS/110842-110899/1Hz_10ms/simulation.batch
110905,110974,1.0,10.0,/gpfs/bbp.cscs.ch/project/proj32/glusynapse_20190926_release/testing/egger_1999/simulations/L4SS_L4SS/110905-110974/1Hz_10ms/simulation.batch
110782,110310,10.0,10.0,/gpfs/bbp.cscs.ch/project/proj32/glusynapse_20190926_release/testing/egger_1999/simulations/L4SS_L4SS/110782-110310/10Hz_10ms/simulation.batch
110843,110845,10.0,10.0,/gpfs/bbp.cscs.ch/project/proj32/glusynapse_20190926_release/testing/egger_1999/simulations/L4SS_L4SS/110843-110845/10Hz_10ms/simulation.batch
111617,110457,10.0,10.0,/gpfs/bbp.cscs.ch/project/proj32/glusynapse_20190926_release/testing/egger_1999/simulations/L4SS_L4SS/111617-110457/10Hz_10ms/simulation.batch
110699,110881,10.0,10.0,/gpfs/bbp.cscs.ch/project/proj32/glusynapse_20190926_release/testing/egger_1999/simulations/L4SS_L4SS/110699-110881/10Hz_10ms/simulation.batch
110696,110813,10.0,10.0,/gpfs/bbp.cscs.ch/project/proj32/glusynapse_20190926_release/testing/egger_1999/simulations/L4SS_L4SS/110696-110813/10Hz_10ms/simulation.batch
110575,110114,10.0,10.0,/gpfs/bbp.cscs.ch/project/proj32/glusynapse_20190926_release/testing/egger_1999/simulations/L4SS_L4SS/110575-110114/10Hz_10ms/simulation.batch
110170,111603,10.0,10.0,/gpfs/bbp.cscs.ch/project/proj32/glusynapse_20190926_release/testing/egger_1999/simulations/L4SS_L4SS/110170-111603/10Hz_10ms/simulation.batch
111251,110270,10.0,10.0,/gpfs/bbp.cscs.ch/project/proj32/glusynapse_20190926_release/testing/egger_1999/simulations/L4SS_L4SS/111251-110270/10Hz_10ms/simulation.batch
110939,111571,10.0,10.0,/gpfs/bbp.cscs.ch/project/proj32/glusynapse_20190926_release/testing/egger_1999/simulations/L4SS_L4SS/110939-111571/10Hz_10ms/simulation.batch
111401,109699,10.0,10.0,/gpfs/bbp.cscs.ch/project/proj32/glusynapse_20190926_release/testing/egger_1999/simulations/L4SS_L4SS/111401-109699/10Hz_10ms/simulation.batch
109741,109744,10.0,10.0,/gpfs/bbp.cscs.ch/project/proj32/glusynapse_20190926_release/testing/egger_1999/simulations/L4SS_L4SS/109741-109744/10Hz_10ms/simulation.batch
110892,110734,10.0,10.0,/gpfs/bbp.cscs.ch/project/proj32/glusynapse_20190926_release/testing/egger_1999/simulations/L4SS_L4SS/110892-110734/10Hz_10ms/simulation.batch
110463,110058,10.0,10.0,/gpfs/bbp.cscs.ch/project/proj32/glusynapse_20190926_release/testing/egger_1999/simulations/L4SS_L4SS/110463-110058/10Hz_10ms/simulation.batch
110863,110106,10.0,10.0,/gpfs/bbp.cscs.ch/project/proj32/glusynapse_20190926_release/testing/egger_1999/simulations/L4SS_L4SS/110863-110106/10Hz_10ms/simulation.batch
111579,109944,10.0,10.0,/gpfs/bbp.cscs.ch/project/proj32/glusynapse_20190926_release/testing/egger_1999/simulations/L4SS_L4SS/111579-109944/10Hz_10ms/simulation.batch
109941,109990,10.0,10.0,/gpfs/bbp.cscs.ch/project/proj32/glusynapse_20190926_release/testing/egger_1999/simulations/L4SS_L4SS/109941-109990/10Hz_10ms/simulation.batch
110151,110027,10.0,10.0,/gpfs/bbp.cscs.ch/project/proj32/glusynapse_20190926_release/testing/egger_1999/simulations/L4SS_L4SS/110151-110027/10Hz_10ms/simulation.batch
110545,111472,10.0,10.0,/gpfs/bbp.cscs.ch/project/proj32/glusynapse_20190926_release/testing/egger_1999/simulations/L4SS_L4SS/110545-111472/10Hz_10ms/simulation.batch
110742,109810,10.0,10.0,/gpfs/bbp.cscs.ch/project/proj32/glusynapse_20190926_release/testing/egger_1999/simulations/L4SS_L4SS/110742-109810/10Hz_10ms/simulation.batch
111459,110371,10.0,10.0,/gpfs/bbp.cscs.ch/project/proj32/glusynapse_20190926_release/testing/egger_1999/simulations/L4SS_L4SS/111459-110371/10Hz_10ms/simulation.batch
110588,110029,10.0,10.0,/gpfs/bbp.cscs.ch/project/proj32/glusynapse_20190926_release/testing/egger_1999/simulations/L4SS_L4SS/110588-110029/10Hz_10ms/simulation.batch
111326,110115,10.0,10.0,/gpfs/bbp.cscs.ch/project/proj32/glusynapse_20190926_release/testing/egger_1999/simulations/L4SS_L4SS/111326-110115/10Hz_10ms/simulation.batch
111437,110791,10.0,10.0,/gpfs/bbp.cscs.ch/project/proj32/glusynapse_20190926_release/testing/egger_1999/simulations/L4SS_L4SS/111437-110791/10Hz_10ms/simulation.batch
110380,110621,10.0,10.0,/gpfs/bbp.cscs.ch/project/proj32/glusynapse_20190926_release/testing/egger_1999/simulations/L4SS_L4SS/110380-110621/10Hz_10ms/simulation.batch
111321,110865,10.0,10.0,/gpfs/bbp.cscs.ch/project/proj32/glusynapse_20190926_release/testing/egger_1999/simulations/L4SS_L4SS/111321-110865/10Hz_10ms/simulation.batch
111377,110536,10.0,10.0,/gpfs/bbp.cscs.ch/project/proj32/glusynapse_20190926_release/testing/egger_1999/simulations/L4SS_L4SS/111377-110536/10Hz_10ms/simulation.batch
110291,111208,10.0,10.0,/gpfs/bbp.cscs.ch/project/proj32/glusynapse_20190926_release/testing/egger_1999/simulations/L4SS_L4SS/110291-111208/10Hz_10ms/simulation.batch
110189,110155,10.0,10.0,/gpfs/bbp.cscs.ch/project/proj32/glusynapse_20190926_release/testing/egger_1999/simulations/L4SS_L4SS/110189-110155/10Hz_10ms/simulation.batch
111418,111052,10.0,10.0,/gpfs/bbp.cscs.ch/project/proj32/glusynapse_20190926_release/testing/egger_1999/simulations/L4SS_L4SS/111418-111052/10Hz_10ms/simulation.batch
110689,111390,10.0,10.0,/gpfs/bbp.cscs.ch/project/proj32/glusynapse_20190926_release/testing/egger_1999/simulations/L4SS_L4SS/110689-111390/10Hz_10ms/simulation.batch
110838,111629,10.0,10.0,/gpfs/bbp.cscs.ch/project/proj32/glusynapse_20190926_release/testing/egger_1999/simulations/L4SS_L4SS/110838-111629/10Hz_10ms/simulation.batch
111229,111215,10.0,10.0,/gpfs/bbp.cscs.ch/project/proj32/glusynapse_20190926_release/testing/egger_1999/simulations/L4SS_L4SS/111229-111215/10Hz_10ms/simulation.batch
110988,110665,10.0,10.0,/gpfs/bbp.cscs.ch/project/proj32/glusynapse_20190926_release/testing/egger_1999/simulations/L4SS_L4SS/110988-110665/10Hz_10ms/simulation.batch
111186,111456,10.0,10.0,/gpfs/bbp.cscs.ch/project/proj32/glusynapse_20190926_release/testing/egger_1999/simulations/L4SS_L4SS/111186-111456/10Hz_10ms/simulation.batch
109737,111566,10.0,10.0,/gpfs/bbp.cscs.ch/project/proj32/glusynapse_20190926_release/testing/egger_1999/simulations/L4SS_L4SS/109737-111566/10Hz_10ms/simulation.batch
110818,110073,10.0,10.0,/gpfs/bbp.cscs.ch/project/proj32/glusynapse_20190926_release/testing/egger_1999/simulations/L4SS_L4SS/110818-110073/10Hz_10ms/simulation.batch
110857,111502,10.0,10.0,/gpfs/bbp.cscs.ch/project/proj32/glusynapse_20190926_release/testing/egger_1999/simulations/L4SS_L4SS/110857-111502/10Hz_10ms/simulation.batch
110927,109969,10.0,10.0,/gpfs/bbp.cscs.ch/project/proj32/glusynapse_20190926_release/testing/egger_1999/simulations/L4SS_L4SS/110927-109969/10Hz_10ms/simulation.batch
110354,110301,10.0,10.0,/gpfs/bbp.cscs.ch/project/proj32/glusynapse_20190926_release/testing/egger_1999/simulations/L4SS_L4SS/110354-110301/10Hz_10ms/simulation.batch
110114,110575,10.0,10.0,/gpfs/bbp.cscs.ch/project/proj32/glusynapse_20190926_release/testing/egger_1999/simulations/L4SS_L4SS/110114-110575/10Hz_10ms/simulation.batch
111225,110937,10.0,10.0,/gpfs/bbp.cscs.ch/project/proj32/glusynapse_20190926_release/testing/egger_1999/simulations/L4SS_L4SS/111225-110937/10Hz_10ms/simulation.batch
110011,111645,10.0,10.0,/gpfs/bbp.cscs.ch/project/proj32/glusynapse_20190926_release/testing/egger_1999/simulations/L4SS_L4SS/110011-111645/10Hz_10ms/simulation.batch
111318,110187,10.0,10.0,/gpfs/bbp.cscs.ch/project/proj32/glusynapse_20190926_release/testing/egger_1999/simulations/L4SS_L4SS/111318-110187/10Hz_10ms/simulation.batch
111251,110970,10.0,10.0,/gpfs/bbp.cscs.ch/project/proj32/glusynapse_20190926_release/testing/egger_1999/simulations/L4SS_L4SS/111251-110970/10Hz_10ms/simulation.batch
110202,111628,10.0,10.0,/gpfs/bbp.cscs.ch/project/proj32/glusynapse_20190926_release/testing/egger_1999/simulations/L4SS_L4SS/110202-111628/10Hz_10ms/simulation.batch
111283,110592,10.0,10.0,/gpfs/bbp.cscs.ch/project/proj32/glusynapse_20190926_release/testing/egger_1999/simulations/L4SS_L4SS/111283-110592/10Hz_10ms/simulation.batch
109974,110300,10.0,10.0,/gpfs/bbp.cscs.ch/project/proj32/glusynapse_20190926_release/testing/egger_1999/simulations/L4SS_L4SS/109974-110300/10Hz_10ms/simulation.batch
111706,110614,10.0,10.0,/gpfs/bbp.cscs.ch/project/proj32/glusynapse_20190926_release/testing/egger_1999/simulations/L4SS_L4SS/111706-110614/10Hz_10ms/simulation.batch
110625,111490,10.0,10.0,/gpfs/bbp.cscs.ch/project/proj32/glusynapse_20190926_release/testing/egger_1999/simulations/L4SS_L4SS/110625-111490/10Hz_10ms/simulation.batch
110879,111502,10.0,10.0,/gpfs/bbp.cscs.ch/project/proj32/glusynapse_20190926_release/testing/egger_1999/simulations/L4SS_L4SS/110879-111502/10Hz_10ms/simulation.batch
111617,110781,10.0,10.0,/gpfs/bbp.cscs.ch/project/proj32/glusynapse_20190926_release/testing/egger_1999/simulations/L4SS_L4SS/111617-110781/10Hz_10ms/simulation.batch
110303,110055,10.0,10.0,/gpfs/bbp.cscs.ch/project/proj32/glusynapse_20190926_release/testing/egger_1999/simulations/L4SS_L4SS/110303-110055/10Hz_10ms/simulation.batch
110161,110417,10.0,10.0,/gpfs/bbp.cscs.ch/project/proj32/glusynapse_20190926_release/testing/egger_1999/simulations/L4SS_L4SS/110161-110417/10Hz_10ms/simulation.batch
111215,109900,10.0,10.0,/gpfs/bbp.cscs.ch/project/proj32/glusynapse_20190926_release/testing/egger_1999/simulations/L4SS_L4SS/111215-109900/10Hz_10ms/simulation.batch
110281,110893,10.0,10.0,/gpfs/bbp.cscs.ch/project/proj32/glusynapse_20190926_release/testing/egger_1999/simulations/L4SS_L4SS/110281-110893/10Hz_10ms/simulation.batch
110592,111283,10.0,10.0,/gpfs/bbp.cscs.ch/project/proj32/glusynapse_20190926_release/testing/egger_1999/simulations/L4SS_L4SS/110592-111283/10Hz_10ms/simulation.batch
109840,111161,10.0,10.0,/gpfs/bbp.cscs.ch/project/proj32/glusynapse_20190926_release/testing/egger_1999/simulations/L4SS_L4SS/109840-111161/10Hz_10ms/simulation.batch
111689,109869,10.0,10.0,/gpfs/bbp.cscs.ch/project/proj32/glusynapse_20190926_release/testing/egger_1999/simulations/L4SS_L4SS/111689-109869/10Hz_10ms/simulation.batch
110043,111590,10.0,10.0,/gpfs/bbp.cscs.ch/project/proj32/glusynapse_20190926_release/testing/egger_1999/simulations/L4SS_L4SS/110043-111590/10Hz_10ms/simulation.batch
109963,110133,10.0,10.0,/gpfs/bbp.cscs.ch/project/proj32/glusynapse_20190926_release/testing/egger_1999/simulations/L4SS_L4SS/109963-110133/10Hz_10ms/simulation.batch
110951,111449,10.0,10.0,/gpfs/bbp.cscs.ch/project/proj32/glusynapse_20190926_release/testing/egger_1999/simulations/L4SS_L4SS/110951-111449/10Hz_10ms/simulation.batch
111634,109957,10.0,10.0,/gpfs/bbp.cscs.ch/project/proj32/glusynapse_20190926_release/testing/egger_1999/simulations/L4SS_L4SS/111634-109957/10Hz_10ms/simulation.batch
110293,110290,10.0,10.0,/gpfs/bbp.cscs.ch/project/proj32/glusynapse_20190926_release/testing/egger_1999/simulations/L4SS_L4SS/110293-110290/10Hz_10ms/simulation.batch
110665,111234,10.0,10.0,/gpfs/bbp.cscs.ch/project/proj32/glusynapse_20190926_release/testing/egger_1999/simulations/L4SS_L4SS/110665-111234/10Hz_10ms/simulation.batch
109698,109802,10.0,10.0,/gpfs/bbp.cscs.ch/project/proj32/glusynapse_20190926_release/testing/egger_1999/simulations/L4SS_L4SS/109698-109802/10Hz_10ms/simulation.batch
111556,110512,10.0,10.0,/gpfs/bbp.cscs.ch/project/proj32/glusynapse_20190926_release/testing/egger_1999/simulations/L4SS_L4SS/111556-110512/10Hz_10ms/simulation.batch
110296,110013,10.0,10.0,/gpfs/bbp.cscs.ch/project/proj32/glusynapse_20190926_release/testing/egger_1999/simulations/L4SS_L4SS/110296-110013/10Hz_10ms/simulation.batch
111236,110878,10.0,10.0,/gpfs/bbp.cscs.ch/project/proj32/glusynapse_20190926_release/testing/egger_1999/simulations/L4SS_L4SS/111236-110878/10Hz_10ms/simulation.batch
111509,111558,10.0,10.0,/gpfs/bbp.cscs.ch/project/proj32/glusynapse_20190926_release/testing/egger_1999/simulations/L4SS_L4SS/111509-111558/10Hz_10ms/simulation.batch
111454,110697,10.0,10.0,/gpfs/bbp.cscs.ch/project/proj32/glusynapse_20190926_release/testing/egger_1999/simulations/L4SS_L4SS/111454-110697/10Hz_10ms/simulation.batch
110279,110397,10.0,10.0,/gpfs/bbp.cscs.ch/project/proj32/glusynapse_20190926_release/testing/egger_1999/simulations/L4SS_L4SS/110279-110397/10Hz_10ms/simulation.batch
111050,110451,10.0,10.0,/gpfs/bbp.cscs.ch/project/proj32/glusynapse_20190926_release/testing/egger_1999/simulations/L4SS_L4SS/111050-110451/10Hz_10ms/simulation.batch
111665,110331,10.0,10.0,/gpfs/bbp.cscs.ch/project/proj32/glusynapse_20190926_release/testing/egger_1999/simulations/L4SS_L4SS/111665-110331/10Hz_10ms/simulation.batch
111257,110851,10.0,10.0,/gpfs/bbp.cscs.ch/project/proj32/glusynapse_20190926_release/testing/egger_1999/simulations/L4SS_L4SS/111257-110851/10Hz_10ms/simulation.batch
111202,111376,10.0,10.0,/gpfs/bbp.cscs.ch/project/proj32/glusynapse_20190926_release/testing/egger_1999/simulations/L4SS_L4SS/111202-111376/10Hz_10ms/simulation.batch
110760,110228,10.0,10.0,/gpfs/bbp.cscs.ch/project/proj32/glusynapse_20190926_release/testing/egger_1999/simulations/L4SS_L4SS/110760-110228/10Hz_10ms/simulation.batch
111681,109779,10.0,10.0,/gpfs/bbp.cscs.ch/project/proj32/glusynapse_20190926_release/testing/egger_1999/simulations/L4SS_L4SS/111681-109779/10Hz_10ms/simulation.batch
109727,111121,10.0,10.0,/gpfs/bbp.cscs.ch/project/proj32/glusynapse_20190926_release/testing/egger_1999/simulations/L4SS_L4SS/109727-111121/10Hz_10ms/simulation.batch
110463,109665,10.0,10.0,/gpfs/bbp.cscs.ch/project/proj32/glusynapse_20190926_release/testing/egger_1999/simulations/L4SS_L4SS/110463-109665/10Hz_10ms/simulation.batch
110569,110672,10.0,10.0,/gpfs/bbp.cscs.ch/project/proj32/glusynapse_20190926_release/testing/egger_1999/simulations/L4SS_L4SS/110569-110672/10Hz_10ms/simulation.batch
110976,110203,10.0,10.0,/gpfs/bbp.cscs.ch/project/proj32/glusynapse_20190926_release/testing/egger_1999/simulations/L4SS_L4SS/110976-110203/10Hz_10ms/simulation.batch
111611,110226,10.0,10.0,/gpfs/bbp.cscs.ch/project/proj32/glusynapse_20190926_release/testing/egger_1999/simulations/L4SS_L4SS/111611-110226/10Hz_10ms/simulation.batch
110531,110352,10.0,10.0,/gpfs/bbp.cscs.ch/project/proj32/glusynapse_20190926_release/testing/egger_1999/simulations/L4SS_L4SS/110531-110352/10Hz_10ms/simulation.batch
110350,110345,10.0,10.0,/gpfs/bbp.cscs.ch/project/proj32/glusynapse_20190926_release/testing/egger_1999/simulations/L4SS_L4SS/110350-110345/10Hz_10ms/simulation.batch
111135,110712,10.0,10.0,/gpfs/bbp.cscs.ch/project/proj32/glusynapse_20190926_release/testing/egger_1999/simulations/L4SS_L4SS/111135-110712/10Hz_10ms/simulation.batch
110512,109650,10.0,10.0,/gpfs/bbp.cscs.ch/project/proj32/glusynapse_20190926_release/testing/egger_1999/simulations/L4SS_L4SS/110512-109650/10Hz_10ms/simulation.batch
111446,111651,10.0,10.0,/gpfs/bbp.cscs.ch/project/proj32/glusynapse_20190926_release/testing/egger_1999/simulations/L4SS_L4SS/111446-111651/10Hz_10ms/simulation.batch
110493,111444,10.0,10.0,/gpfs/bbp.cscs.ch/project/proj32/glusynapse_20190926_release/testing/egger_1999/simulations/L4SS_L4SS/110493-111444/10Hz_10ms/simulation.batch
110432,110742,10.0,10.0,/gpfs/bbp.cscs.ch/project/proj32/glusynapse_20190926_release/testing/egger_1999/simulations/L4SS_L4SS/110432-110742/10Hz_10ms/simulation.batch
110465,109880,10.0,10.0,/gpfs/bbp.cscs.ch/project/proj32/glusynapse_20190926_release/testing/egger_1999/simulations/L4SS_L4SS/110465-109880/10Hz_10ms/simulation.batch
109702,109678,10.0,10.0,/gpfs/bbp.cscs.ch/project/proj32/glusynapse_20190926_release/testing/egger_1999/simulations/L4SS_L4SS/109702-109678/10Hz_10ms/simulation.batch
110555,110934,10.0,10.0,/gpfs/bbp.cscs.ch/project/proj32/glusynapse_20190926_release/testing/egger_1999/simulations/L4SS_L4SS/110555-110934/10Hz_10ms/simulation.batch
110398,111057,10.0,10.0,/gpfs/bbp.cscs.ch/project/proj32/glusynapse_20190926_release/testing/egger_1999/simulations/L4SS_L4SS/110398-111057/10Hz_10ms/simulation.batch
111665,110202,10.0,10.0,/gpfs/bbp.cscs.ch/project/proj32/glusynapse_20190926_release/testing/egger_1999/simulations/L4SS_L4SS/111665-110202/10Hz_10ms/simulation.batch
110071,109733,10.0,10.0,/gpfs/bbp.cscs.ch/project/proj32/glusynapse_20190926_release/testing/egger_1999/simulations/L4SS_L4SS/110071-109733/10Hz_10ms/simulation.batch
111560,109921,10.0,10.0,/gpfs/bbp.cscs.ch/project/proj32/glusynapse_20190926_release/testing/egger_1999/simulations/L4SS_L4SS/111560-109921/10Hz_10ms/simulation.batch
109711,109700,10.0,10.0,/gpfs/bbp.cscs.ch/project/proj32/glusynapse_20190926_release/testing/egger_1999/simulations/L4SS_L4SS/109711-109700/10Hz_10ms/simulation.batch
110466,110614,10.0,10.0,/gpfs/bbp.cscs.ch/project/proj32/glusynapse_20190926_release/testing/egger_1999/simulations/L4SS_L4SS/110466-110614/10Hz_10ms/simulation.batch
110842,110899,10.0,10.0,/gpfs/bbp.cscs.ch/project/proj32/glusynapse_20190926_release/testing/egger_1999/simulations/L4SS_L4SS/110842-110899/10Hz_10ms/simulation.batch
110905,110974,10.0,10.0,/gpfs/bbp.cscs.ch/project/proj32/glusynapse_20190926_release/testing/egger_1999/simulations/L4SS_L4SS/110905-110974/10Hz_10ms/simulation.batch
110782,110310,20.0,10.0,/gpfs/bbp.cscs.ch/project/proj32/glusynapse_20190926_release/testing/egger_1999/simulations/L4SS_L4SS/110782-110310/20Hz_10ms/simulation.batch
110843,110845,20.0,10.0,/gpfs/bbp.cscs.ch/project/proj32/glusynapse_20190926_release/testing/egger_1999/simulations/L4SS_L4SS/110843-110845/20Hz_10ms/simulation.batch
111617,110457,20.0,10.0,/gpfs/bbp.cscs.ch/project/proj32/glusynapse_20190926_release/testing/egger_1999/simulations/L4SS_L4SS/111617-110457/20Hz_10ms/simulation.batch
110699,110881,20.0,10.0,/gpfs/bbp.cscs.ch/project/proj32/glusynapse_20190926_release/testing/egger_1999/simulations/L4SS_L4SS/110699-110881/20Hz_10ms/simulation.batch
110696,110813,20.0,10.0,/gpfs/bbp.cscs.ch/project/proj32/glusynapse_20190926_release/testing/egger_1999/simulations/L4SS_L4SS/110696-110813/20Hz_10ms/simulation.batch
110575,110114,20.0,10.0,/gpfs/bbp.cscs.ch/project/proj32/glusynapse_20190926_release/testing/egger_1999/simulations/L4SS_L4SS/110575-110114/20Hz_10ms/simulation.batch
110170,111603,20.0,10.0,/gpfs/bbp.cscs.ch/project/proj32/glusynapse_20190926_release/testing/egger_1999/simulations/L4SS_L4SS/110170-111603/20Hz_10ms/simulation.batch
111251,110270,20.0,10.0,/gpfs/bbp.cscs.ch/project/proj32/glusynapse_20190926_release/testing/egger_1999/simulations/L4SS_L4SS/111251-110270/20Hz_10ms/simulation.batch
110939,111571,20.0,10.0,/gpfs/bbp.cscs.ch/project/proj32/glusynapse_20190926_release/testing/egger_1999/simulations/L4SS_L4SS/110939-111571/20Hz_10ms/simulation.batch
111401,109699,20.0,10.0,/gpfs/bbp.cscs.ch/project/proj32/glusynapse_20190926_release/testing/egger_1999/simulations/L4SS_L4SS/111401-109699/20Hz_10ms/simulation.batch
109741,109744,20.0,10.0,/gpfs/bbp.cscs.ch/project/proj32/glusynapse_20190926_release/testing/egger_1999/simulations/L4SS_L4SS/109741-109744/20Hz_10ms/simulation.batch
110892,110734,20.0,10.0,/gpfs/bbp.cscs.ch/project/proj32/glusynapse_20190926_release/testing/egger_1999/simulations/L4SS_L4SS/110892-110734/20Hz_10ms/simulation.batch
110463,110058,20.0,10.0,/gpfs/bbp.cscs.ch/project/proj32/glusynapse_20190926_release/testing/egger_1999/simulations/L4SS_L4SS/110463-110058/20Hz_10ms/simulation.batch
110863,110106,20.0,10.0,/gpfs/bbp.cscs.ch/project/proj32/glusynapse_20190926_release/testing/egger_1999/simulations/L4SS_L4SS/110863-110106/20Hz_10ms/simulation.batch
111579,109944,20.0,10.0,/gpfs/bbp.cscs.ch/project/proj32/glusynapse_20190926_release/testing/egger_1999/simulations/L4SS_L4SS/111579-109944/20Hz_10ms/simulation.batch
109941,109990,20.0,10.0,/gpfs/bbp.cscs.ch/project/proj32/glusynapse_20190926_release/testing/egger_1999/simulations/L4SS_L4SS/109941-109990/20Hz_10ms/simulation.batch
110151,110027,20.0,10.0,/gpfs/bbp.cscs.ch/project/proj32/glusynapse_20190926_release/testing/egger_1999/simulations/L4SS_L4SS/110151-110027/20Hz_10ms/simulation.batch
110545,111472,20.0,10.0,/gpfs/bbp.cscs.ch/project/proj32/glusynapse_20190926_release/testing/egger_1999/simulations/L4SS_L4SS/110545-111472/20Hz_10ms/simulation.batch
110742,109810,20.0,10.0,/gpfs/bbp.cscs.ch/project/proj32/glusynapse_20190926_release/testing/egger_1999/simulations/L4SS_L4SS/110742-109810/20Hz_10ms/simulation.batch
111459,110371,20.0,10.0,/gpfs/bbp.cscs.ch/project/proj32/glusynapse_20190926_release/testing/egger_1999/simulations/L4SS_L4SS/111459-110371/20Hz_10ms/simulation.batch
110588,110029,20.0,10.0,/gpfs/bbp.cscs.ch/project/proj32/glusynapse_20190926_release/testing/egger_1999/simulations/L4SS_L4SS/110588-110029/20Hz_10ms/simulation.batch
111326,110115,20.0,10.0,/gpfs/bbp.cscs.ch/project/proj32/glusynapse_20190926_release/testing/egger_1999/simulations/L4SS_L4SS/111326-110115/20Hz_10ms/simulation.batch
111437,110791,20.0,10.0,/gpfs/bbp.cscs.ch/project/proj32/glusynapse_20190926_release/testing/egger_1999/simulations/L4SS_L4SS/111437-110791/20Hz_10ms/simulation.batch
110380,110621,20.0,10.0,/gpfs/bbp.cscs.ch/project/proj32/glusynapse_20190926_release/testing/egger_1999/simulations/L4SS_L4SS/110380-110621/20Hz_10ms/simulation.batch
111321,110865,20.0,10.0,/gpfs/bbp.cscs.ch/project/proj32/glusynapse_20190926_release/testing/egger_1999/simulations/L4SS_L4SS/111321-110865/20Hz_10ms/simulation.batch
111377,110536,20.0,10.0,/gpfs/bbp.cscs.ch/project/proj32/glusynapse_20190926_release/testing/egger_1999/simulations/L4SS_L4SS/111377-110536/20Hz_10ms/simulation.batch
110291,111208,20.0,10.0,/gpfs/bbp.cscs.ch/project/proj32/glusynapse_20190926_release/testing/egger_1999/simulations/L4SS_L4SS/110291-111208/20Hz_10ms/simulation.batch
110189,110155,20.0,10.0,/gpfs/bbp.cscs.ch/project/proj32/glusynapse_20190926_release/testing/egger_1999/simulations/L4SS_L4SS/110189-110155/20Hz_10ms/simulation.batch
111418,111052,20.0,10.0,/gpfs/bbp.cscs.ch/project/proj32/glusynapse_20190926_release/testing/egger_1999/simulations/L4SS_L4SS/111418-111052/20Hz_10ms/simulation.batch
110689,111390,20.0,10.0,/gpfs/bbp.cscs.ch/project/proj32/glusynapse_20190926_release/testing/egger_1999/simulations/L4SS_L4SS/110689-111390/20Hz_10ms/simulation.batch
110838,111629,20.0,10.0,/gpfs/bbp.cscs.ch/project/proj32/glusynapse_20190926_release/testing/egger_1999/simulations/L4SS_L4SS/110838-111629/20Hz_10ms/simulation.batch
111229,111215,20.0,10.0,/gpfs/bbp.cscs.ch/project/proj32/glusynapse_20190926_release/testing/egger_1999/simulations/L4SS_L4SS/111229-111215/20Hz_10ms/simulation.batch
110988,110665,20.0,10.0,/gpfs/bbp.cscs.ch/project/proj32/glusynapse_20190926_release/testing/egger_1999/simulations/L4SS_L4SS/110988-110665/20Hz_10ms/simulation.batch
111186,111456,20.0,10.0,/gpfs/bbp.cscs.ch/project/proj32/glusynapse_20190926_release/testing/egger_1999/simulations/L4SS_L4SS/111186-111456/20Hz_10ms/simulation.batch
109737,111566,20.0,10.0,/gpfs/bbp.cscs.ch/project/proj32/glusynapse_20190926_release/testing/egger_1999/simulations/L4SS_L4SS/109737-111566/20Hz_10ms/simulation.batch
110818,110073,20.0,10.0,/gpfs/bbp.cscs.ch/project/proj32/glusynapse_20190926_release/testing/egger_1999/simulations/L4SS_L4SS/110818-110073/20Hz_10ms/simulation.batch
110857,111502,20.0,10.0,/gpfs/bbp.cscs.ch/project/proj32/glusynapse_20190926_release/testing/egger_1999/simulations/L4SS_L4SS/110857-111502/20Hz_10ms/simulation.batch
110927,109969,20.0,10.0,/gpfs/bbp.cscs.ch/project/proj32/glusynapse_20190926_release/testing/egger_1999/simulations/L4SS_L4SS/110927-109969/20Hz_10ms/simulation.batch
110354,110301,20.0,10.0,/gpfs/bbp.cscs.ch/project/proj32/glusynapse_20190926_release/testing/egger_1999/simulations/L4SS_L4SS/110354-110301/20Hz_10ms/simulation.batch
110114,110575,20.0,10.0,/gpfs/bbp.cscs.ch/project/proj32/glusynapse_20190926_release/testing/egger_1999/simulations/L4SS_L4SS/110114-110575/20Hz_10ms/simulation.batch
111225,110937,20.0,10.0,/gpfs/bbp.cscs.ch/project/proj32/glusynapse_20190926_release/testing/egger_1999/simulations/L4SS_L4SS/111225-110937/20Hz_10ms/simulation.batch
110011,111645,20.0,10.0,/gpfs/bbp.cscs.ch/project/proj32/glusynapse_20190926_release/testing/egger_1999/simulations/L4SS_L4SS/110011-111645/20Hz_10ms/simulation.batch
111318,110187,20.0,10.0,/gpfs/bbp.cscs.ch/project/proj32/glusynapse_20190926_release/testing/egger_1999/simulations/L4SS_L4SS/111318-110187/20Hz_10ms/simulation.batch
111251,110970,20.0,10.0,/gpfs/bbp.cscs.ch/project/proj32/glusynapse_20190926_release/testing/egger_1999/simulations/L4SS_L4SS/111251-110970/20Hz_10ms/simulation.batch
110202,111628,20.0,10.0,/gpfs/bbp.cscs.ch/project/proj32/glusynapse_20190926_release/testing/egger_1999/simulations/L4SS_L4SS/110202-111628/20Hz_10ms/simulation.batch
111283,110592,20.0,10.0,/gpfs/bbp.cscs.ch/project/proj32/glusynapse_20190926_release/testing/egger_1999/simulations/L4SS_L4SS/111283-110592/20Hz_10ms/simulation.batch
109974,110300,20.0,10.0,/gpfs/bbp.cscs.ch/project/proj32/glusynapse_20190926_release/testing/egger_1999/simulations/L4SS_L4SS/109974-110300/20Hz_10ms/simulation.batch
111706,110614,20.0,10.0,/gpfs/bbp.cscs.ch/project/proj32/glusynapse_20190926_release/testing/egger_1999/simulations/L4SS_L4SS/111706-110614/20Hz_10ms/simulation.batch
110625,111490,20.0,10.0,/gpfs/bbp.cscs.ch/project/proj32/glusynapse_20190926_release/testing/egger_1999/simulations/L4SS_L4SS/110625-111490/20Hz_10ms/simulation.batch
110879,111502,20.0,10.0,/gpfs/bbp.cscs.ch/project/proj32/glusynapse_20190926_release/testing/egger_1999/simulations/L4SS_L4SS/110879-111502/20Hz_10ms/simulation.batch
111617,110781,20.0,10.0,/gpfs/bbp.cscs.ch/project/proj32/glusynapse_20190926_release/testing/egger_1999/simulations/L4SS_L4SS/111617-110781/20Hz_10ms/simulation.batch
110303,110055,20.0,10.0,/gpfs/bbp.cscs.ch/project/proj32/glusynapse_20190926_release/testing/egger_1999/simulations/L4SS_L4SS/110303-110055/20Hz_10ms/simulation.batch
110161,110417,20.0,10.0,/gpfs/bbp.cscs.ch/project/proj32/glusynapse_20190926_release/testing/egger_1999/simulations/L4SS_L4SS/110161-110417/20Hz_10ms/simulation.batch
111215,109900,20.0,10.0,/gpfs/bbp.cscs.ch/project/proj32/glusynapse_20190926_release/testing/egger_1999/simulations/L4SS_L4SS/111215-109900/20Hz_10ms/simulation.batch
110281,110893,20.0,10.0,/gpfs/bbp.cscs.ch/project/proj32/glusynapse_20190926_release/testing/egger_1999/simulations/L4SS_L4SS/110281-110893/20Hz_10ms/simulation.batch
110592,111283,20.0,10.0,/gpfs/bbp.cscs.ch/project/proj32/glusynapse_20190926_release/testing/egger_1999/simulations/L4SS_L4SS/110592-111283/20Hz_10ms/simulation.batch
109840,111161,20.0,10.0,/gpfs/bbp.cscs.ch/project/proj32/glusynapse_20190926_release/testing/egger_1999/simulations/L4SS_L4SS/109840-111161/20Hz_10ms/simulation.batch
111689,109869,20.0,10.0,/gpfs/bbp.cscs.ch/project/proj32/glusynapse_20190926_release/testing/egger_1999/simulations/L4SS_L4SS/111689-109869/20Hz_10ms/simulation.batch
110043,111590,20.0,10.0,/gpfs/bbp.cscs.ch/project/proj32/glusynapse_20190926_release/testing/egger_1999/simulations/L4SS_L4SS/110043-111590/20Hz_10ms/simulation.batch
109963,110133,20.0,10.0,/gpfs/bbp.cscs.ch/project/proj32/glusynapse_20190926_release/testing/egger_1999/simulations/L4SS_L4SS/109963-110133/20Hz_10ms/simulation.batch
110951,111449,20.0,10.0,/gpfs/bbp.cscs.ch/project/proj32/glusynapse_20190926_release/testing/egger_1999/simulations/L4SS_L4SS/110951-111449/20Hz_10ms/simulation.batch
111634,109957,20.0,10.0,/gpfs/bbp.cscs.ch/project/proj32/glusynapse_20190926_release/testing/egger_1999/simulations/L4SS_L4SS/111634-109957/20Hz_10ms/simulation.batch
110293,110290,20.0,10.0,/gpfs/bbp.cscs.ch/project/proj32/glusynapse_20190926_release/testing/egger_1999/simulations/L4SS_L4SS/110293-110290/20Hz_10ms/simulation.batch
110665,111234,20.0,10.0,/gpfs/bbp.cscs.ch/project/proj32/glusynapse_20190926_release/testing/egger_1999/simulations/L4SS_L4SS/110665-111234/20Hz_10ms/simulation.batch
109698,109802,20.0,10.0,/gpfs/bbp.cscs.ch/project/proj32/glusynapse_20190926_release/testing/egger_1999/simulations/L4SS_L4SS/109698-109802/20Hz_10ms/simulation.batch
111556,110512,20.0,10.0,/gpfs/bbp.cscs.ch/project/proj32/glusynapse_20190926_release/testing/egger_1999/simulations/L4SS_L4SS/111556-110512/20Hz_10ms/simulation.batch
110296,110013,20.0,10.0,/gpfs/bbp.cscs.ch/project/proj32/glusynapse_20190926_release/testing/egger_1999/simulations/L4SS_L4SS/110296-110013/20Hz_10ms/simulation.batch
111236,110878,20.0,10.0,/gpfs/bbp.cscs.ch/project/proj32/glusynapse_20190926_release/testing/egger_1999/simulations/L4SS_L4SS/111236-110878/20Hz_10ms/simulation.batch
111509,111558,20.0,10.0,/gpfs/bbp.cscs.ch/project/proj32/glusynapse_20190926_release/testing/egger_1999/simulations/L4SS_L4SS/111509-111558/20Hz_10ms/simulation.batch
111454,110697,20.0,10.0,/gpfs/bbp.cscs.ch/project/proj32/glusynapse_20190926_release/testing/egger_1999/simulations/L4SS_L4SS/111454-110697/20Hz_10ms/simulation.batch
110279,110397,20.0,10.0,/gpfs/bbp.cscs.ch/project/proj32/glusynapse_20190926_release/testing/egger_1999/simulations/L4SS_L4SS/110279-110397/20Hz_10ms/simulation.batch
111050,110451,20.0,10.0,/gpfs/bbp.cscs.ch/project/proj32/glusynapse_20190926_release/testing/egger_1999/simulations/L4SS_L4SS/111050-110451/20Hz_10ms/simulation.batch
111665,110331,20.0,10.0,/gpfs/bbp.cscs.ch/project/proj32/glusynapse_20190926_release/testing/egger_1999/simulations/L4SS_L4SS/111665-110331/20Hz_10ms/simulation.batch
111257,110851,20.0,10.0,/gpfs/bbp.cscs.ch/project/proj32/glusynapse_20190926_release/testing/egger_1999/simulations/L4SS_L4SS/111257-110851/20Hz_10ms/simulation.batch
111202,111376,20.0,10.0,/gpfs/bbp.cscs.ch/project/proj32/glusynapse_20190926_release/testing/egger_1999/simulations/L4SS_L4SS/111202-111376/20Hz_10ms/simulation.batch
110760,110228,20.0,10.0,/gpfs/bbp.cscs.ch/project/proj32/glusynapse_20190926_release/testing/egger_1999/simulations/L4SS_L4SS/110760-110228/20Hz_10ms/simulation.batch
111681,109779,20.0,10.0,/gpfs/bbp.cscs.ch/project/proj32/glusynapse_20190926_release/testing/egger_1999/simulations/L4SS_L4SS/111681-109779/20Hz_10ms/simulation.batch
109727,111121,20.0,10.0,/gpfs/bbp.cscs.ch/project/proj32/glusynapse_20190926_release/testing/egger_1999/simulations/L4SS_L4SS/109727-111121/20Hz_10ms/simulation.batch
110463,109665,20.0,10.0,/gpfs/bbp.cscs.ch/project/proj32/glusynapse_20190926_release/testing/egger_1999/simulations/L4SS_L4SS/110463-109665/20Hz_10ms/simulation.batch
110569,110672,20.0,10.0,/gpfs/bbp.cscs.ch/project/proj32/glusynapse_20190926_release/testing/egger_1999/simulations/L4SS_L4SS/110569-110672/20Hz_10ms/simulation.batch
110976,110203,20.0,10.0,/gpfs/bbp.cscs.ch/project/proj32/glusynapse_20190926_release/testing/egger_1999/simulations/L4SS_L4SS/110976-110203/20Hz_10ms/simulation.batch
111611,110226,20.0,10.0,/gpfs/bbp.cscs.ch/project/proj32/glusynapse_20190926_release/testing/egger_1999/simulations/L4SS_L4SS/111611-110226/20Hz_10ms/simulation.batch
110531,110352,20.0,10.0,/gpfs/bbp.cscs.ch/project/proj32/glusynapse_20190926_release/testing/egger_1999/simulations/L4SS_L4SS/110531-110352/20Hz_10ms/simulation.batch
110350,110345,20.0,10.0,/gpfs/bbp.cscs.ch/project/proj32/glusynapse_20190926_release/testing/egger_1999/simulations/L4SS_L4SS/110350-110345/20Hz_10ms/simulation.batch
111135,110712,20.0,10.0,/gpfs/bbp.cscs.ch/project/proj32/glusynapse_20190926_release/testing/egger_1999/simulations/L4SS_L4SS/111135-110712/20Hz_10ms/simulation.batch
110512,109650,20.0,10.0,/gpfs/bbp.cscs.ch/project/proj32/glusynapse_20190926_release/testing/egger_1999/simulations/L4SS_L4SS/110512-109650/20Hz_10ms/simulation.batch
111446,111651,20.0,10.0,/gpfs/bbp.cscs.ch/project/proj32/glusynapse_20190926_release/testing/egger_1999/simulations/L4SS_L4SS/111446-111651/20Hz_10ms/simulation.batch
110493,111444,20.0,10.0,/gpfs/bbp.cscs.ch/project/proj32/glusynapse_20190926_release/testing/egger_1999/simulations/L4SS_L4SS/110493-111444/20Hz_10ms/simulation.batch
110432,110742,20.0,10.0,/gpfs/bbp.cscs.ch/project/proj32/glusynapse_20190926_release/testing/egger_1999/simulations/L4SS_L4SS/110432-110742/20Hz_10ms/simulation.batch
110465,109880,20.0,10.0,/gpfs/bbp.cscs.ch/project/proj32/glusynapse_20190926_release/testing/egger_1999/simulations/L4SS_L4SS/110465-109880/20Hz_10ms/simulation.batch
109702,109678,20.0,10.0,/gpfs/bbp.cscs.ch/project/proj32/glusynapse_20190926_release/testing/egger_1999/simulations/L4SS_L4SS/109702-109678/20Hz_10ms/simulation.batch
110555,110934,20.0,10.0,/gpfs/bbp.cscs.ch/project/proj32/glusynapse_20190926_release/testing/egger_1999/simulations/L4SS_L4SS/110555-110934/20Hz_10ms/simulation.batch
110398,111057,20.0,10.0,/gpfs/bbp.cscs.ch/project/proj32/glusynapse_20190926_release/testing/egger_1999/simulations/L4SS_L4SS/110398-111057/20Hz_10ms/simulation.batch
111665,110202,20.0,10.0,/gpfs/bbp.cscs.ch/project/proj32/glusynapse_20190926_release/testing/egger_1999/simulations/L4SS_L4SS/111665-110202/20Hz_10ms/simulation.batch
110071,109733,20.0,10.0,/gpfs/bbp.cscs.ch/project/proj32/glusynapse_20190926_release/testing/egger_1999/simulations/L4SS_L4SS/110071-109733/20Hz_10ms/simulation.batch
111560,109921,20.0,10.0,/gpfs/bbp.cscs.ch/project/proj32/glusynapse_20190926_release/testing/egger_1999/simulations/L4SS_L4SS/111560-109921/20Hz_10ms/simulation.batch
109711,109700,20.0,10.0,/gpfs/bbp.cscs.ch/project/proj32/glusynapse_20190926_release/testing/egger_1999/simulations/L4SS_L4SS/109711-109700/20Hz_10ms/simulation.batch
110466,110614,20.0,10.0,/gpfs/bbp.cscs.ch/project/proj32/glusynapse_20190926_release/testing/egger_1999/simulations/L4SS_L4SS/110466-110614/20Hz_10ms/simulation.batch
110842,110899,20.0,10.0,/gpfs/bbp.cscs.ch/project/proj32/glusynapse_20190926_release/testing/egger_1999/simulations/L4SS_L4SS/110842-110899/20Hz_10ms/simulation.batch
110905,110974,20.0,10.0,/gpfs/bbp.cscs.ch/project/proj32/glusynapse_20190926_release/testing/egger_1999/simulations/L4SS_L4SS/110905-110974/20Hz_10ms/simulation.batch
110782,110310,50.0,10.0,/gpfs/bbp.cscs.ch/project/proj32/glusynapse_20190926_release/testing/egger_1999/simulations/L4SS_L4SS/110782-110310/50Hz_10ms/simulation.batch
110843,110845,50.0,10.0,/gpfs/bbp.cscs.ch/project/proj32/glusynapse_20190926_release/testing/egger_1999/simulations/L4SS_L4SS/110843-110845/50Hz_10ms/simulation.batch
111617,110457,50.0,10.0,/gpfs/bbp.cscs.ch/project/proj32/glusynapse_20190926_release/testing/egger_1999/simulations/L4SS_L4SS/111617-110457/50Hz_10ms/simulation.batch
110699,110881,50.0,10.0,/gpfs/bbp.cscs.ch/project/proj32/glusynapse_20190926_release/testing/egger_1999/simulations/L4SS_L4SS/110699-110881/50Hz_10ms/simulation.batch
110696,110813,50.0,10.0,/gpfs/bbp.cscs.ch/project/proj32/glusynapse_20190926_release/testing/egger_1999/simulations/L4SS_L4SS/110696-110813/50Hz_10ms/simulation.batch
110575,110114,50.0,10.0,/gpfs/bbp.cscs.ch/project/proj32/glusynapse_20190926_release/testing/egger_1999/simulations/L4SS_L4SS/110575-110114/50Hz_10ms/simulation.batch
110170,111603,50.0,10.0,/gpfs/bbp.cscs.ch/project/proj32/glusynapse_20190926_release/testing/egger_1999/simulations/L4SS_L4SS/110170-111603/50Hz_10ms/simulation.batch
111251,110270,50.0,10.0,/gpfs/bbp.cscs.ch/project/proj32/glusynapse_20190926_release/testing/egger_1999/simulations/L4SS_L4SS/111251-110270/50Hz_10ms/simulation.batch
110939,111571,50.0,10.0,/gpfs/bbp.cscs.ch/project/proj32/glusynapse_20190926_release/testing/egger_1999/simulations/L4SS_L4SS/110939-111571/50Hz_10ms/simulation.batch
111401,109699,50.0,10.0,/gpfs/bbp.cscs.ch/project/proj32/glusynapse_20190926_release/testing/egger_1999/simulations/L4SS_L4SS/111401-109699/50Hz_10ms/simulation.batch
109741,109744,50.0,10.0,/gpfs/bbp.cscs.ch/project/proj32/glusynapse_20190926_release/testing/egger_1999/simulations/L4SS_L4SS/109741-109744/50Hz_10ms/simulation.batch
110892,110734,50.0,10.0,/gpfs/bbp.cscs.ch/project/proj32/glusynapse_20190926_release/testing/egger_1999/simulations/L4SS_L4SS/110892-110734/50Hz_10ms/simulation.batch
110463,110058,50.0,10.0,/gpfs/bbp.cscs.ch/project/proj32/glusynapse_20190926_release/testing/egger_1999/simulations/L4SS_L4SS/110463-110058/50Hz_10ms/simulation.batch
110863,110106,50.0,10.0,/gpfs/bbp.cscs.ch/project/proj32/glusynapse_20190926_release/testing/egger_1999/simulations/L4SS_L4SS/110863-110106/50Hz_10ms/simulation.batch
111579,109944,50.0,10.0,/gpfs/bbp.cscs.ch/project/proj32/glusynapse_20190926_release/testing/egger_1999/simulations/L4SS_L4SS/111579-109944/50Hz_10ms/simulation.batch
109941,109990,50.0,10.0,/gpfs/bbp.cscs.ch/project/proj32/glusynapse_20190926_release/testing/egger_1999/simulations/L4SS_L4SS/109941-109990/50Hz_10ms/simulation.batch
110151,110027,50.0,10.0,/gpfs/bbp.cscs.ch/project/proj32/glusynapse_20190926_release/testing/egger_1999/simulations/L4SS_L4SS/110151-110027/50Hz_10ms/simulation.batch
110545,111472,50.0,10.0,/gpfs/bbp.cscs.ch/project/proj32/glusynapse_20190926_release/testing/egger_1999/simulations/L4SS_L4SS/110545-111472/50Hz_10ms/simulation.batch
110742,109810,50.0,10.0,/gpfs/bbp.cscs.ch/project/proj32/glusynapse_20190926_release/testing/egger_1999/simulations/L4SS_L4SS/110742-109810/50Hz_10ms/simulation.batch
111459,110371,50.0,10.0,/gpfs/bbp.cscs.ch/project/proj32/glusynapse_20190926_release/testing/egger_1999/simulations/L4SS_L4SS/111459-110371/50Hz_10ms/simulation.batch
110588,110029,50.0,10.0,/gpfs/bbp.cscs.ch/project/proj32/glusynapse_20190926_release/testing/egger_1999/simulations/L4SS_L4SS/110588-110029/50Hz_10ms/simulation.batch
111326,110115,50.0,10.0,/gpfs/bbp.cscs.ch/project/proj32/glusynapse_20190926_release/testing/egger_1999/simulations/L4SS_L4SS/111326-110115/50Hz_10ms/simulation.batch
111437,110791,50.0,10.0,/gpfs/bbp.cscs.ch/project/proj32/glusynapse_20190926_release/testing/egger_1999/simulations/L4SS_L4SS/111437-110791/50Hz_10ms/simulation.batch
110380,110621,50.0,10.0,/gpfs/bbp.cscs.ch/project/proj32/glusynapse_20190926_release/testing/egger_1999/simulations/L4SS_L4SS/110380-110621/50Hz_10ms/simulation.batch
111321,110865,50.0,10.0,/gpfs/bbp.cscs.ch/project/proj32/glusynapse_20190926_release/testing/egger_1999/simulations/L4SS_L4SS/111321-110865/50Hz_10ms/simulation.batch
111377,110536,50.0,10.0,/gpfs/bbp.cscs.ch/project/proj32/glusynapse_20190926_release/testing/egger_1999/simulations/L4SS_L4SS/111377-110536/50Hz_10ms/simulation.batch
110291,111208,50.0,10.0,/gpfs/bbp.cscs.ch/project/proj32/glusynapse_20190926_release/testing/egger_1999/simulations/L4SS_L4SS/110291-111208/50Hz_10ms/simulation.batch
110189,110155,50.0,10.0,/gpfs/bbp.cscs.ch/project/proj32/glusynapse_20190926_release/testing/egger_1999/simulations/L4SS_L4SS/110189-110155/50Hz_10ms/simulation.batch
111418,111052,50.0,10.0,/gpfs/bbp.cscs.ch/project/proj32/glusynapse_20190926_release/testing/egger_1999/simulations/L4SS_L4SS/111418-111052/50Hz_10ms/simulation.batch
110689,111390,50.0,10.0,/gpfs/bbp.cscs.ch/project/proj32/glusynapse_20190926_release/testing/egger_1999/simulations/L4SS_L4SS/110689-111390/50Hz_10ms/simulation.batch
110838,111629,50.0,10.0,/gpfs/bbp.cscs.ch/project/proj32/glusynapse_20190926_release/testing/egger_1999/simulations/L4SS_L4SS/110838-111629/50Hz_10ms/simulation.batch
111229,111215,50.0,10.0,/gpfs/bbp.cscs.ch/project/proj32/glusynapse_20190926_release/testing/egger_1999/simulations/L4SS_L4SS/111229-111215/50Hz_10ms/simulation.batch
110988,110665,50.0,10.0,/gpfs/bbp.cscs.ch/project/proj32/glusynapse_20190926_release/testing/egger_1999/simulations/L4SS_L4SS/110988-110665/50Hz_10ms/simulation.batch
111186,111456,50.0,10.0,/gpfs/bbp.cscs.ch/project/proj32/glusynapse_20190926_release/testing/egger_1999/simulations/L4SS_L4SS/111186-111456/50Hz_10ms/simulation.batch
109737,111566,50.0,10.0,/gpfs/bbp.cscs.ch/project/proj32/glusynapse_20190926_release/testing/egger_1999/simulations/L4SS_L4SS/109737-111566/50Hz_10ms/simulation.batch
110818,110073,50.0,10.0,/gpfs/bbp.cscs.ch/project/proj32/glusynapse_20190926_release/testing/egger_1999/simulations/L4SS_L4SS/110818-110073/50Hz_10ms/simulation.batch
110857,111502,50.0,10.0,/gpfs/bbp.cscs.ch/project/proj32/glusynapse_20190926_release/testing/egger_1999/simulations/L4SS_L4SS/110857-111502/50Hz_10ms/simulation.batch
110927,109969,50.0,10.0,/gpfs/bbp.cscs.ch/project/proj32/glusynapse_20190926_release/testing/egger_1999/simulations/L4SS_L4SS/110927-109969/50Hz_10ms/simulation.batch
110354,110301,50.0,10.0,/gpfs/bbp.cscs.ch/project/proj32/glusynapse_20190926_release/testing/egger_1999/simulations/L4SS_L4SS/110354-110301/50Hz_10ms/simulation.batch
110114,110575,50.0,10.0,/gpfs/bbp.cscs.ch/project/proj32/glusynapse_20190926_release/testing/egger_1999/simulations/L4SS_L4SS/110114-110575/50Hz_10ms/simulation.batch
111225,110937,50.0,10.0,/gpfs/bbp.cscs.ch/project/proj32/glusynapse_20190926_release/testing/egger_1999/simulations/L4SS_L4SS/111225-110937/50Hz_10ms/simulation.batch
110011,111645,50.0,10.0,/gpfs/bbp.cscs.ch/project/proj32/glusynapse_20190926_release/testing/egger_1999/simulations/L4SS_L4SS/110011-111645/50Hz_10ms/simulation.batch
111318,110187,50.0,10.0,/gpfs/bbp.cscs.ch/project/proj32/glusynapse_20190926_release/testing/egger_1999/simulations/L4SS_L4SS/111318-110187/50Hz_10ms/simulation.batch
111251,110970,50.0,10.0,/gpfs/bbp.cscs.ch/project/proj32/glusynapse_20190926_release/testing/egger_1999/simulations/L4SS_L4SS/111251-110970/50Hz_10ms/simulation.batch
110202,111628,50.0,10.0,/gpfs/bbp.cscs.ch/project/proj32/glusynapse_20190926_release/testing/egger_1999/simulations/L4SS_L4SS/110202-111628/50Hz_10ms/simulation.batch
111283,110592,50.0,10.0,/gpfs/bbp.cscs.ch/project/proj32/glusynapse_20190926_release/testing/egger_1999/simulations/L4SS_L4SS/111283-110592/50Hz_10ms/simulation.batch
109974,110300,50.0,10.0,/gpfs/bbp.cscs.ch/project/proj32/glusynapse_20190926_release/testing/egger_1999/simulations/L4SS_L4SS/109974-110300/50Hz_10ms/simulation.batch
111706,110614,50.0,10.0,/gpfs/bbp.cscs.ch/project/proj32/glusynapse_20190926_release/testing/egger_1999/simulations/L4SS_L4SS/111706-110614/50Hz_10ms/simulation.batch
110625,111490,50.0,10.0,/gpfs/bbp.cscs.ch/project/proj32/glusynapse_20190926_release/testing/egger_1999/simulations/L4SS_L4SS/110625-111490/50Hz_10ms/simulation.batch
110879,111502,50.0,10.0,/gpfs/bbp.cscs.ch/project/proj32/glusynapse_20190926_release/testing/egger_1999/simulations/L4SS_L4SS/110879-111502/50Hz_10ms/simulation.batch
111617,110781,50.0,10.0,/gpfs/bbp.cscs.ch/project/proj32/glusynapse_20190926_release/testing/egger_1999/simulations/L4SS_L4SS/111617-110781/50Hz_10ms/simulation.batch
110303,110055,50.0,10.0,/gpfs/bbp.cscs.ch/project/proj32/glusynapse_20190926_release/testing/egger_1999/simulations/L4SS_L4SS/110303-110055/50Hz_10ms/simulation.batch
110161,110417,50.0,10.0,/gpfs/bbp.cscs.ch/project/proj32/glusynapse_20190926_release/testing/egger_1999/simulations/L4SS_L4SS/110161-110417/50Hz_10ms/simulation.batch
111215,109900,50.0,10.0,/gpfs/bbp.cscs.ch/project/proj32/glusynapse_20190926_release/testing/egger_1999/simulations/L4SS_L4SS/111215-109900/50Hz_10ms/simulation.batch
110281,110893,50.0,10.0,/gpfs/bbp.cscs.ch/project/proj32/glusynapse_20190926_release/testing/egger_1999/simulations/L4SS_L4SS/110281-110893/50Hz_10ms/simulation.batch
110592,111283,50.0,10.0,/gpfs/bbp.cscs.ch/project/proj32/glusynapse_20190926_release/testing/egger_1999/simulations/L4SS_L4SS/110592-111283/50Hz_10ms/simulation.batch
109840,111161,50.0,10.0,/gpfs/bbp.cscs.ch/project/proj32/glusynapse_20190926_release/testing/egger_1999/simulations/L4SS_L4SS/109840-111161/50Hz_10ms/simulation.batch
111689,109869,50.0,10.0,/gpfs/bbp.cscs.ch/project/proj32/glusynapse_20190926_release/testing/egger_1999/simulations/L4SS_L4SS/111689-109869/50Hz_10ms/simulation.batch
110043,111590,50.0,10.0,/gpfs/bbp.cscs.ch/project/proj32/glusynapse_20190926_release/testing/egger_1999/simulations/L4SS_L4SS/110043-111590/50Hz_10ms/simulation.batch
109963,110133,50.0,10.0,/gpfs/bbp.cscs.ch/project/proj32/glusynapse_20190926_release/testing/egger_1999/simulations/L4SS_L4SS/109963-110133/50Hz_10ms/simulation.batch
110951,111449,50.0,10.0,/gpfs/bbp.cscs.ch/project/proj32/glusynapse_20190926_release/testing/egger_1999/simulations/L4SS_L4SS/110951-111449/50Hz_10ms/simulation.batch
111634,109957,50.0,10.0,/gpfs/bbp.cscs.ch/project/proj32/glusynapse_20190926_release/testing/egger_1999/simulations/L4SS_L4SS/111634-109957/50Hz_10ms/simulation.batch
110293,110290,50.0,10.0,/gpfs/bbp.cscs.ch/project/proj32/glusynapse_20190926_release/testing/egger_1999/simulations/L4SS_L4SS/110293-110290/50Hz_10ms/simulation.batch
110665,111234,50.0,10.0,/gpfs/bbp.cscs.ch/project/proj32/glusynapse_20190926_release/testing/egger_1999/simulations/L4SS_L4SS/110665-111234/50Hz_10ms/simulation.batch
109698,109802,50.0,10.0,/gpfs/bbp.cscs.ch/project/proj32/glusynapse_20190926_release/testing/egger_1999/simulations/L4SS_L4SS/109698-109802/50Hz_10ms/simulation.batch
111556,110512,50.0,10.0,/gpfs/bbp.cscs.ch/project/proj32/glusynapse_20190926_release/testing/egger_1999/simulations/L4SS_L4SS/111556-110512/50Hz_10ms/simulation.batch
110296,110013,50.0,10.0,/gpfs/bbp.cscs.ch/project/proj32/glusynapse_20190926_release/testing/egger_1999/simulations/L4SS_L4SS/110296-110013/50Hz_10ms/simulation.batch
111236,110878,50.0,10.0,/gpfs/bbp.cscs.ch/project/proj32/glusynapse_20190926_release/testing/egger_1999/simulations/L4SS_L4SS/111236-110878/50Hz_10ms/simulation.batch
111509,111558,50.0,10.0,/gpfs/bbp.cscs.ch/project/proj32/glusynapse_20190926_release/testing/egger_1999/simulations/L4SS_L4SS/111509-111558/50Hz_10ms/simulation.batch
111454,110697,50.0,10.0,/gpfs/bbp.cscs.ch/project/proj32/glusynapse_20190926_release/testing/egger_1999/simulations/L4SS_L4SS/111454-110697/50Hz_10ms/simulation.batch
110279,110397,50.0,10.0,/gpfs/bbp.cscs.ch/project/proj32/glusynapse_20190926_release/testing/egger_1999/simulations/L4SS_L4SS/110279-110397/50Hz_10ms/simulation.batch
111050,110451,50.0,10.0,/gpfs/bbp.cscs.ch/project/proj32/glusynapse_20190926_release/testing/egger_1999/simulations/L4SS_L4SS/111050-110451/50Hz_10ms/simulation.batch
111665,110331,50.0,10.0,/gpfs/bbp.cscs.ch/project/proj32/glusynapse_20190926_release/testing/egger_1999/simulations/L4SS_L4SS/111665-110331/50Hz_10ms/simulation.batch
111257,110851,50.0,10.0,/gpfs/bbp.cscs.ch/project/proj32/glusynapse_20190926_release/testing/egger_1999/simulations/L4SS_L4SS/111257-110851/50Hz_10ms/simulation.batch
111202,111376,50.0,10.0,/gpfs/bbp.cscs.ch/project/proj32/glusynapse_20190926_release/testing/egger_1999/simulations/L4SS_L4SS/111202-111376/50Hz_10ms/simulation.batch
110760,110228,50.0,10.0,/gpfs/bbp.cscs.ch/project/proj32/glusynapse_20190926_release/testing/egger_1999/simulations/L4SS_L4SS/110760-110228/50Hz_10ms/simulation.batch
111681,109779,50.0,10.0,/gpfs/bbp.cscs.ch/project/proj32/glusynapse_20190926_release/testing/egger_1999/simulations/L4SS_L4SS/111681-109779/50Hz_10ms/simulation.batch
109727,111121,50.0,10.0,/gpfs/bbp.cscs.ch/project/proj32/glusynapse_20190926_release/testing/egger_1999/simulations/L4SS_L4SS/109727-111121/50Hz_10ms/simulation.batch
110463,109665,50.0,10.0,/gpfs/bbp.cscs.ch/project/proj32/glusynapse_20190926_release/testing/egger_1999/simulations/L4SS_L4SS/110463-109665/50Hz_10ms/simulation.batch
110569,110672,50.0,10.0,/gpfs/bbp.cscs.ch/project/proj32/glusynapse_20190926_release/testing/egger_1999/simulations/L4SS_L4SS/110569-110672/50Hz_10ms/simulation.batch
110976,110203,50.0,10.0,/gpfs/bbp.cscs.ch/project/proj32/glusynapse_20190926_release/testing/egger_1999/simulations/L4SS_L4SS/110976-110203/50Hz_10ms/simulation.batch
111611,110226,50.0,10.0,/gpfs/bbp.cscs.ch/project/proj32/glusynapse_20190926_release/testing/egger_1999/simulations/L4SS_L4SS/111611-110226/50Hz_10ms/simulation.batch
110531,110352,50.0,10.0,/gpfs/bbp.cscs.ch/project/proj32/glusynapse_20190926_release/testing/egger_1999/simulations/L4SS_L4SS/110531-110352/50Hz_10ms/simulation.batch
110350,110345,50.0,10.0,/gpfs/bbp.cscs.ch/project/proj32/glusynapse_20190926_release/testing/egger_1999/simulations/L4SS_L4SS/110350-110345/50Hz_10ms/simulation.batch
111135,110712,50.0,10.0,/gpfs/bbp.cscs.ch/project/proj32/glusynapse_20190926_release/testing/egger_1999/simulations/L4SS_L4SS/111135-110712/50Hz_10ms/simulation.batch
110512,109650,50.0,10.0,/gpfs/bbp.cscs.ch/project/proj32/glusynapse_20190926_release/testing/egger_1999/simulations/L4SS_L4SS/110512-109650/50Hz_10ms/simulation.batch
111446,111651,50.0,10.0,/gpfs/bbp.cscs.ch/project/proj32/glusynapse_20190926_release/testing/egger_1999/simulations/L4SS_L4SS/111446-111651/50Hz_10ms/simulation.batch
110493,111444,50.0,10.0,/gpfs/bbp.cscs.ch/project/proj32/glusynapse_20190926_release/testing/egger_1999/simulations/L4SS_L4SS/110493-111444/50Hz_10ms/simulation.batch
110432,110742,50.0,10.0,/gpfs/bbp.cscs.ch/project/proj32/glusynapse_20190926_release/testing/egger_1999/simulations/L4SS_L4SS/110432-110742/50Hz_10ms/simulation.batch
110465,109880,50.0,10.0,/gpfs/bbp.cscs.ch/project/proj32/glusynapse_20190926_release/testing/egger_1999/simulations/L4SS_L4SS/110465-109880/50Hz_10ms/simulation.batch
109702,109678,50.0,10.0,/gpfs/bbp.cscs.ch/project/proj32/glusynapse_20190926_release/testing/egger_1999/simulations/L4SS_L4SS/109702-109678/50Hz_10ms/simulation.batch
110555,110934,50.0,10.0,/gpfs/bbp.cscs.ch/project/proj32/glusynapse_20190926_release/testing/egger_1999/simulations/L4SS_L4SS/110555-110934/50Hz_10ms/simulation.batch
110398,111057,50.0,10.0,/gpfs/bbp.cscs.ch/project/proj32/glusynapse_20190926_release/testing/egger_1999/simulations/L4SS_L4SS/110398-111057/50Hz_10ms/simulation.batch
111665,110202,50.0,10.0,/gpfs/bbp.cscs.ch/project/proj32/glusynapse_20190926_release/testing/egger_1999/simulations/L4SS_L4SS/111665-110202/50Hz_10ms/simulation.batch
110071,109733,50.0,10.0,/gpfs/bbp.cscs.ch/project/proj32/glusynapse_20190926_release/testing/egger_1999/simulations/L4SS_L4SS/110071-109733/50Hz_10ms/simulation.batch
111560,109921,50.0,10.0,/gpfs/bbp.cscs.ch/project/proj32/glusynapse_20190926_release/testing/egger_1999/simulations/L4SS_L4SS/111560-109921/50Hz_10ms/simulation.batch
109711,109700,50.0,10.0,/gpfs/bbp.cscs.ch/project/proj32/glusynapse_20190926_release/testing/egger_1999/simulations/L4SS_L4SS/109711-109700/50Hz_10ms/simulation.batch
110466,110614,50.0,10.0,/gpfs/bbp.cscs.ch/project/proj32/glusynapse_20190926_release/testing/egger_1999/simulations/L4SS_L4SS/110466-110614/50Hz_10ms/simulation.batch
110842,110899,50.0,10.0,/gpfs/bbp.cscs.ch/project/proj32/glusynapse_20190926_release/testing/egger_1999/simulations/L4SS_L4SS/110842-110899/50Hz_10ms/simulation.batch
110905,110974,50.0,10.0,/gpfs/bbp.cscs.ch/project/proj32/glusynapse_20190926_release/testing/egger_1999/simulations/L4SS_L4SS/110905-110974/50Hz_10ms/simulation.batch
